Section,Driver,Base_Case,Downside_Case,Upside_Case,Unit,Formula_or_Note
Assumption,Volume,1200,1080,1320,Units,Editable driver
Assumption,Unit Price,2500,2500,2625,KES,Editable driver
Assumption,Variable Cost,1450,1537,1400,KES per unit,Editable driver
Assumption,Fixed Cost,820000,820000,850000,KES,Editable driver
Output,Revenue,,,,KES,Volume multiplied by Unit Price
Output,Contribution,,,,KES,Volume multiplied by Unit Price less Variable Cost
Output,Operating Profit,,,,KES,Contribution less Fixed Cost
Output,Break-even Units,,,,Units,Fixed Cost divided by Unit Price less Variable Cost
Control,Profit reconciliation,,,,KES,Revenue less total costs less operating profit; expected zero
